,1 Month,3 Months,6 Months,9 Months,12 Months
IBM,-6.564794082047006,7.895857341356158,14.840506158738018,48.41820070923796,32.97016424617685
AAPL,-14.230788387616558,-16.383628954645975,-2.8561996067332527,-2.9008584649608355,22.042687445985255
MSFT,-7.350489761181192,-15.957067972707911,-11.835410177822537,-15.031202489079334,-8.34692328914247
GOOGL,-11.330768458321806,-17.142562184409442,3.2103002082563488,-7.836456058309952,15.836631699478746
AMZN,-14.454001936482772,-16.760397764865413,4.86775922424709,5.340650853765984,11.162711515364338
