,1 Month,3 Months,6 Months,9 Months,12 Months
AAPL,-9.907160309336122,-2.493006388364452,2.687975010361137,38.67583261336212,18.613645083036413
MSFT,-1.4290640369220275,0.35554466069816304,-3.1403809963967846,7.000700299886054,8.201555626021717
GOOGL,0.7038971807108465,18.68717495725386,7.887929749263497,25.415921122956277,34.255765891575116
AMZN,0.3910090164216735,19.103851384379197,23.76882972570875,27.4840647114558,45.97493489037785
NVDA,-1.4033016974105723,-4.094985565837654,11.469973849222193,73.18092837447301,130.8479033488942
